<?xml version="1.0" encoding="UTF-8" standalone="yes"?>
<addon id="repository.cywteow" name="cywteow Add-ons" version="1.0.0" provider-name="cywteow">
    <extension point="xbmc.addon.repository" name="cywteow Add-ons">
        <info compressed="false">https://raw.githubusercontent.com/cywteow/cywteow.github.io/master/addons.xml</info>
        <checksum>https://raw.githubusercontent.com/cywteow/cywteow.github.io/master/addons.xml.md5</checksum>
        <datadir zip="true">https://raw.githubusercontent.com/cywteow/cywteow.github.io/master</datadir>
    </extension>
</addon>