<?xml version="1.0" encoding="UTF-8" standalone="yes"?>
<addon id="plugin.video.langlangbay" name="LangLangBay" version="1.3.3" provider-name="cywteow">
    <requires>
        <import addon="xbmc.python" version="2.25.0"/>
        <import addon="script.module.routing" version="0.2.0"/>
        <import addon="script.module.parsedom" version="0.9.1"/>
        <import addon="plugin.video.dailymotion_com"    version="2.3.6" optional="true" />
        <import addon="plugin.video.youtube"    version="6.2.2" optional="true" />
        <import addon="script.module.beautifulsoup4" version="4.5.3"/>
    </requires>
    <extension point="xbmc.python.pluginsource" library="main.py">
        <provides>video</provides>
    </extension>
    <extension point="xbmc.addon.metadata">
        <summary lang="en_GB">Watch LangLangBay on KODI</summary>
        <description lang="en_GB"></description>
        <language></language>
        <platform>all</platform>
        <license>GPL-3.0</license>
        <forum></forum>
        <website></website>
        <email>cywteow@gmail.com</email>
        <source></source>
        <news></news>
        <disclaimer></disclaimer>
        <assets>
            <icon>resources/icon.png</icon>
        </assets>
    </extension>
</addon>
