{"22":{"url":"https:\/\/r1---sn-5uaeznks.googlevideo.com\/videoplayback?sparams=dur%2Cei%2Cid%2Cinitcwndbps%2Cip%2Cipbits%2Citag%2Clmt%2Cmime%2Cmm%2Cmn%2Cms%2Cmv%2Cpl%2Cratebypass%2Crequiressl%2Csource%2Cexpire&id=o-ACkyMmH9ECVAAlCsdwwqMO8D9dOOqxDXaq-sDNiu3ENL&source=youtube&dur=163.607&mv=m&initcwndbps=5516250&ms=au&itag=22&mm=31&ip=2a02%3A4780%3Abad%3A20%3Afced%3A1ff%3Afe20%3A256&mn=sn-5uaeznks&pl=48&signature=742C45AF89E01C548E5579765E695F6B6529A0F6.42A35688BA617EF8BCB485EC03E71A54275B3799&ei=gzVtWoqFJdbUqAWlzZfQAg&expire=1517128163&key=yt6&ipbits=0&ratebypass=yes&lmt=1512383927044986&requiressl=yes&mime=video%2Fmp4&mt=1517106460","format":"720P"},"43":{"url":"https:\/\/r1---sn-5uaeznks.googlevideo.com\/videoplayback?clen=15655335&source=youtube&signature=8ABFD45529946DCBFAA1B957C96AD7518CEA0168.61A0B828E66012106EDC9A45230DCD890ECAC6D9&key=yt6&ei=gzVtWoqFJdbUqAWlzZfQAg&sparams=clen%2Cdur%2Cei%2Cgir%2Cid%2Cinitcwndbps%2Cip%2Cipbits%2Citag%2Clmt%2Cmime%2Cmm%2Cmn%2Cms%2Cmv%2Cpl%2Cratebypass%2Crequiressl%2Csource%2Cexpire&id=o-ACkyMmH9ECVAAlCsdwwqMO8D9dOOqxDXaq-sDNiu3ENL&mt=1517106460&dur=0.000&mv=m&initcwndbps=5516250&ms=au&itag=43&mm=31&ip=2a02%3A4780%3Abad%3A20%3Afced%3A1ff%3Afe20%3A256&mn=sn-5uaeznks&pl=48&expire=1517128163&ipbits=0&ratebypass=yes&lmt=1512384256315450&requiressl=yes&mime=video%2Fwebm&gir=yes","format":"WebM360P"},"18":{"url":"https:\/\/r1---sn-5uaeznks.googlevideo.com\/videoplayback?clen=11924221&source=youtube&signature=7FD3C23475C665470AC01BE2EE1DEAB044757FFE.08F6B9B96EDD0490751D5C6965B0C7CC55F1724E&key=yt6&ei=gzVtWoqFJdbUqAWlzZfQAg&sparams=clen%2Cdur%2Cei%2Cgir%2Cid%2Cinitcwndbps%2Cip%2Cipbits%2Citag%2Clmt%2Cmime%2Cmm%2Cmn%2Cms%2Cmv%2Cpl%2Cratebypass%2Crequiressl%2Csource%2Cexpire&id=o-ACkyMmH9ECVAAlCsdwwqMO8D9dOOqxDXaq-sDNiu3ENL&mt=1517106460&dur=163.607&mv=m&initcwndbps=5516250&ms=au&itag=18&mm=31&ip=2a02%3A4780%3Abad%3A20%3Afced%3A1ff%3Afe20%3A256&mn=sn-5uaeznks&pl=48&expire=1517128163&ipbits=0&ratebypass=yes&lmt=1512383487546908&requiressl=yes&mime=video%2Fmp4&gir=yes","format":"360P"},"36":{"url":"https:\/\/r1---sn-5uaeznks.googlevideo.com\/videoplayback?clen=4412166&source=youtube&signature=AD6104ACA66C686A5FAD5043BFB27D99A1938694.C654C2092B0E63EBBF574E87745381FF9163109B&key=yt6&ei=gzVtWoqFJdbUqAWlzZfQAg&sparams=clen%2Cdur%2Cei%2Cgir%2Cid%2Cinitcwndbps%2Cip%2Cipbits%2Citag%2Clmt%2Cmime%2Cmm%2Cmn%2Cms%2Cmv%2Cpl%2Crequiressl%2Csource%2Cexpire&id=o-ACkyMmH9ECVAAlCsdwwqMO8D9dOOqxDXaq-sDNiu3ENL&mt=1517106460&dur=163.654&mv=m&initcwndbps=5516250&ms=au&itag=36&mm=31&ip=2a02%3A4780%3Abad%3A20%3Afced%3A1ff%3Afe20%3A256&mn=sn-5uaeznks&pl=48&expire=1517128163&ipbits=0&lmt=1512383815765226&requiressl=yes&mime=video%2F3gpp&gir=yes","format":"Unknown"},"17":{"url":"https:\/\/r1---sn-5uaeznks.googlevideo.com\/videoplayback?clen=1560636&source=youtube&signature=08662369B70CC4D4C0115570D96892A5AFE27C19.A908FDD74D416506F543E350930019410725745B&key=yt6&ei=gzVtWoqFJdbUqAWlzZfQAg&sparams=clen%2Cdur%2Cei%2Cgir%2Cid%2Cinitcwndbps%2Cip%2Cipbits%2Citag%2Clmt%2Cmime%2Cmm%2Cmn%2Cms%2Cmv%2Cpl%2Crequiressl%2Csource%2Cexpire&id=o-ACkyMmH9ECVAAlCsdwwqMO8D9dOOqxDXaq-sDNiu3ENL&mt=1517106460&dur=163.654&mv=m&initcwndbps=5516250&ms=au&itag=17&mm=31&ip=2a02%3A4780%3Abad%3A20%3Afced%3A1ff%3Afe20%3A256&mn=sn-5uaeznks&pl=48&expire=1517128163&ipbits=0&lmt=1512383415029640&requiressl=yes&mime=video%2F3gpp&gir=yes","format":"3GP144P"}}
