<?xml version="1.0" encoding="UTF-8" standalone="yes"?>
<addon id="plugin.video.gogoanime" name="GoGoAnime" version="1.1.3" provider-name="cywteow">
    <requires>
        <import addon="script.module.beautifulsoup4" version="4.6.2"/>
        <import addon="script.module.requests" version="2.22.0"/>
        <import addon="script.module.rerouting" version="0.1.2"/>
        <import addon="xbmc.python" version="2.26.0"/>
    </requires>
    <extension point="xbmc.python.pluginsource" library="addon.py">
        <provides>video</provides>
    </extension>
    <extension point="xbmc.addon.metadata">
        <summary lang="en_GB">Watch GoGoAnime on KODI</summary>
        <description lang="en_GB"></description>
        <language></language>
        <platform>all</platform>
        <license>GPL-3.0</license>
        <forum></forum>
        <website>cywteow.github.io</website>
        <email>cywteow@gmail.com</email>
        <source></source>
        <news></news>
        <disclaimer></disclaimer>
        <assets>
            <icon>icon.png</icon>
            <!-- <fanart>resources/fanart.jpg</fanart> -->
        </assets>
    </extension>
</addon>